app	slug	package	tested	blocker_class	blocker_detail	evidence	bypass_candidate	best_probe_pct
A Photo Manager	A-Photo-Manager	de.k3b.android.androFotoFinder	no	none	no gate found	tree grep found zero login/account/auth paths; README mentions INTERNET only for optional map downloads	no	
Amaze	Amaze	com.amaze.filemanager	yes	none	no login observed	batch-1 run: 45.5% probe	no	45.5
And Bible	And-Bible	net.bible.android.activity	yes	none	no login observed	batch-1 run: 23.7% probe	no	23.7
AnkiDroid	AnkiDroid	com.ichi2.anki	yes	optional-account	AnkiWeb sync optional; no hard wall observed	re-run: 35.0% probe, full budget used, exit 0	no	35.0
AntennaPod Debug	AntennaPod-Debug	de.danoeh.antennapod.debug	yes	none	no login observed	batch-2 run: 42.0% probe, 9/12 activities	no	42.0
Binary Eye	Binary-Eye	de.markusfisch.android.binaryeye.debug	no	none	no gate found	tree grep found zero login/account/auth paths; QR/barcode scanner works offline	no	
Breezy Weather	Breezy-Weather	org.breezyweather.debug	no	none	no gate found	no login/account/auth paths in tree at tag v5.2.8; README has no account mention	no	
Chess	Chess	jwtc.android.chess	no	unknown	repo 404; one GitHub API search q=jwtc+android+chess returned 0 results	unverified	no	
Commons	Commons	fr.free.nrw.commons.debug	yes	server-account	Wikimedia account needed for uploads (core function); 8/14 activities	batch-2 run: 40.0% probe, 8/14 activities	no	40.0
Eventyay Attendee	Eventyay-Attendee	com.eventyay.attendee	no	optional-account	login skippable; events browseable without login	app/src/main/java/org/fossasia/openevent/general/auth/LoginFragment.kt skipTextView with showSkipButton; navigation_graph.xml startDestination=eventsFragment	no	
Fedilab	Fedilab	app.fedilab.android.debug	no	server-account	login forced on launch when no account exists	app/src/main/java/app/fedilab/android/BaseMainActivity.java line 1129 redirects to LoginActivity when !Helper.isLoggedIn; OAuth against a real Mastodon/Pixelfed/PeerTube instance required	no	
FeederD	FeederD	com.nononsenseapps.feeder.debug	yes	none	no gate; single-activity Compose app — 2/10 activities is a Compose-navigation artifact, not a wall	upstream spacecowboy/Feeder: launcher MainActivity, zero login/onboarding paths in tree	no	52.8
Firefox Lite Dev	Firefox-Lite-Dev	org.mozilla.rocket.debug.ting	no	none	no gate found	zero login/account/auth paths in tree at default branch HEAD; README has no account mention	no	
Frost Debug	Frost-Debug	com.pitchedapps.frost.debug	yes	server-account	Facebook WebView login to facebook.com; verification run burned ~25k recovery attempts on login screen	run 35684044850: recovery_ladder_exhausted after ~25000 recovery attempts on facebook.com WebView login	no	47.78
Geohash Droid	Geohash-Droid	net.exclaimindustries.geohashdroid	yes	none	no login observed	Jev 3600s run 35671893086: 24.3% probe	no	24.3
GPSLogger	GPSLogger	com.mendhak.gpslogger	no	none	no gate found; OAuth only for optional auto-upload senders	README OAuth mentions are dev setup for optional Google Drive/OSM/Dropbox auto-send; logging works fully offline	no	
Infinity For Reddit	Infinity-For-Reddit	ml.docilealligator.infinityforreddit.debug	no	optional-account	anonymous browsing without login	"app/src/main/java/ml/docilealligator/infinityforreddit/account/Account.java defines ANONYMOUS_ACCOUNT (""-"") used throughout MainActivity"	no	
Jellyfin Android	Jellyfin-Android	org.jellyfin.mobile.debug	no	server-account	Requires a Jellyfin server URL (and server account credentials) on first launch; app is a thin client with no offline functionality	app/src/main/java/org/jellyfin/mobile/setup/ConnectFragment.kt (first-launch Connect screen)	no	
Kiwix	Kiwix	org.kiwix.kiwixmobile	no	none	no gate found; offline ZIM reader, no accounts in app	buildSrc/src/main/kotlin/custom/Auth.kt is Play-publishing build-time only; no login files in app	no	
Kore	Kore	org.xbmc.kore	no	server-account	First launch with no hosts configured redirects to AddHostActivity wizard; needs a reachable Kodi host (server) on the network to do anything useful	app/src/main/java/org/xbmc/kore/ui/sections/remote/RemoteActivity.java (getHostInfo()==null -> AddHostActivity intent)	no	
LibreTorrent	LibreTorrent	org.proninyaroslav.libretorrent.debug	no	none	no gate found; torrent client, no accounts/passwords anywhere in tree	tree grep: zero login/account/password hits across 857 files	no	
MaterialFBook	MaterialFBook	me.zeeroooo.materialfb	yes	server-account	Facebook wrapper; needs facebook.com login	batch-1 run: 48.1% probe	no	48.1
Money Manager Ex	Money-Manager-Ex	com.money.manager.ex	no	none	passcode/fingerprint is opt-in via settings, not enforced on fresh install	app/src/main/java/com/money/manager/ex/home/MainActivity.java (PasscodeActivity launched only when passcode.hasPasscode())	no	
Muzei	Muzei	net.nurik.roman.muzei	no	none	no gate found; live wallpaper, intro/tutorial only, no accounts	tree grep: zero login hits across 902 files	no	
My Expenses Debug	My-Expenses-Debug	org.totschnig.myexpenses.debug	no	optional-account	local expense tracker fully usable offline; bank credentials only for optional FinTS/HBCI online-banking sync	fints/src/main/java/org/totschnig/fints/BankingCredentials.kt (optional sync feature)	no	
NewPipe Debug	NewPipe-Debug	org.schabi.newpipe.debug	no	none	no gate found; privacy YouTube frontend with no account feature	tree grep: zero login/account/auth hits across 3138 files	no	
Nextcloud	Nextcloud	com.nextcloud.client	yes	server-account	requires server URL + account; run entered only 4/35 activities	batch-1 run: 51.6% probe, 4/35 activities entered	no	51.6
ODK Collect	ODK-Collect	org.odk.collect.android	no	optional-account	launches to forms list; server connection is optional settings (default demo server anonymous); Google account only for optional Drive sync	README: Testing a form without a server; collect_app/src/main/java/org/odk/collect/android/utilities/WebCredentialsUtils.java	no	
Omni Notes Alpha	Omni-Notes-Alpha	it.feio.android.omninotes.alpha	no	none	no gate found; fully usable offline	launcher = omniNotes MainActivity (no Login/Auth classes in tree); notes app with no account or server requirement	no	
Open Food Facts	Open-Food-Facts	org.openpetfoodfacts.scanner.debug	no	optional-account	login only required for contributing/editing products; scan and browse work anonymously	"app/src/main/java/openfoodfacts/github/scrachx/openfood/features/login/LoginActivity.kt: ""A login screen that offers login via login/password""; launcher is Splash, not Login"	no	
OpenLauncher	OpenLauncher	com.benny.openlauncher	yes	none	no login observed	batch-1 run: 66.1% probe	no	66.1
Orgzly Revived	Orgzly-Revived	com.orgzlyrevived	no	none	no forced gate; works offline with local repos; SSH/git and biometric auth are opt-in only	app/src/main/java/com/orgzly/android/util/BiometricAuthenticator.kt is opt-in device auth (not launcher); no Login/Auth activity in tree	no	
ownCloud	ownCloud	com.owncloud.android.debug	no	server-account	requires ownCloud server URL plus account credentials (basic or OAuth) before any files are usable	owncloudApp/src/main/java/com/owncloud/android/presentation/authentication/LoginActivity.kt (AccountManager + oauth/OAuthUtils flow); launcher SplashActivity routes into account-bound FileDisplayActivity	no	
OwnTracks	OwnTracks	org.owntracks.android.debug	no	server-account	first-launch welcome wizard forces connection setup; needs MQTT/HTTP broker URL and credentials to publish location	project/app/src/main/java/org/owntracks/android/ui/welcome/fragments/ConnectionSetupFragment.kt: shouldBeDisplayed = true in the WelcomeActivity flow	no	
Phonograph DEBUG	Phonograph-DEBUG	com.kabouzeid.gramophone.debug	yes	none	no login observed	batch-1 run: 44.2% probe	no	44.2
RedReader	RedReader	org.quantumbadger.redreader	no	optional-account	fully usable anonymously; OAuth login optional and adds account features only	src/main/java/org/quantumbadger/redreader/account/RedditAccountManager.java supports anonymous accounts (account.isAnonymous()); src/main/java/org/quantumbadger/redreader/activities/OAuthLoginActivity.java is opt-in	no	
Scarlet Notes FD	Scarlet-Notes-FD	com.bijoysingh.quicknote.pro	no	optional-account	default auth is null (no login); Firebase/GDrive login activities exist for sync only; app lock is opt-in	base/src/main/java/com/maubis/scarlet/base/config/auth/NullAuthenticator.kt: openLoginActivity returns null; scarlet/.../firebase/activity/FirebaseLoginActivity.kt and drive/GDriveLoginActivity.kt are sync-only; launcher = MainActivity	no	
Simple Alarm Clock	Simple-Alarm-Clock	com.better.alarm.debug	no	none	no gate found; plain offline alarm clock	no Login/Auth/Account classes in tree; launcher is the alarm list activity; no account mentions in README	no	
SkyTube	SkyTube	free.rm.skytube.extra	no	none	no gate found; no account needed to operate	"README: ""No need for Google/YouTube account to operate""; no Login/Auth classes in tree"	no	
StreetComplete	StreetComplete	de.westnordost.streetcomplete.debug	no	optional-account	OSM account only needed to upload map changesets; map and quests usable offline without login	"app/src/main/java/de/westnordost/streetcomplete/screens/MainActivity.kt:233-239 RequestLoginDialog only shown after 3 unsynced changes; README: ""Since the app is meant to be used on a survey, it can be used offline"""	no	
Sunflower	Sunflower	com.google.samples.apps.sunflower	yes	none	no login observed	fork run 35812577704: 66.32% probe, 88/88 classes	no	66.32
Trackbook	Trackbook	org.y20k.trackbook	no	none	no gate found; bare-bones offline GPS movement recorder with no account code anywhere in tree	"README: ""Trackbook is a bare-bones app for recording your movements""; launcher .MainActivity has no login references"	no	
Transistor	Transistor	org.y20k.transistor	no	none	no gate found; radio-stream player with zero auth references in tree; launcher .MainActivity	README describes stream playback with no account; app/src/main/java/org/y20k/transistor/MainActivity.kt has no login/auth references	no	
Twire	Twire	com.perflyst.twire.debug	no	optional-account	Twitch OAuth login skippable during setup; app ships bundled anonymous API token for public content; login only unlocks follows	app/src/main/java/com/perflyst/twire/activities/setup/LoginActivity.java showSkippingAnimation + skip_text; Settings.java:518 getGeneralTwitchAccessToken defaults to SecretKeys.NO_LOG_IN_ACCESS_TOKEN	no	
Ultrasonic	Ultrasonic	org.moire.ultrasonic.debug	no	optional-account	Subsonic client; own server + credentials optional, bundled demo server usable without account	ultrasonic/src/main/kotlin/org/moire/ultrasonic/activity/NavigationActivity.kt:181-187 first run activates demo server and shows welcome dialog (main_welcome_text_demo)	no	
Vespucci	Vespucci	de.blau.android	yes	server-account	OpenStreetMap account needed for editing (core function)	batch-1 run: 35.5% probe	no	35.5
Vinyl Music Player	Vinyl-Music-Player	com.poupa.vinylmusicplayer.ci.debug	no	none	no gate found; local music player; GithubLogin only used by optional bug-report filing; AppIntroActivity is a tutorial not a lock	app/src/main/java/com/poupa/vinylmusicplayer/ui/activities/bugreport/model/github/GithubLogin.java (bug-report only)	no	
Wallabag	Wallabag	fr.gaulupeau.apps.InThePoche.debug	no	server-account	first-run ConnectionWizardActivity requires wallabag server URL + username + password; API client credentials obtained from server via GetCredentialsTask; no content without a server account	app/src/main/java/fr/gaulupeau/apps/Poche/ui/preferences/ConnectionWizardActivity.java + data/Settings.java:39-51 checkFirstRunInit runs connection wizard on first launch	no	
Wikipedia Alpha	Wikipedia-Alpha	org.wikipedia.alpha	no	optional-account	login exists only for editing/watchlist; anonymous reading fully usable; launcher MainActivity has no login gate	app/src/main/java/org/wikipedia/main/MainActivity.kt (no login references); org/wikipedia/login/ and createaccount/ only invoked from drawer/settings	no	
WordPress	WordPress	org.wordpress.android	yes	server-account	login wall; run entered 5/68 activities	batch-1 run: 32.7% probe, 5/68 activities	no	32.7
