app	slug	source_group	origin	package	version_name	version_code	min_sdk	target_sdk	apk_file	size_bytes	sha256	origin_path	origin_link	benchmark_dir	source_repo	source_ref	source_commit	source_tree_url
A Photo Manager	A-Photo-Manager	public benchmark	Themis	de.k3b.android.androFotoFinder	0.6.4.180314	36	14	21	A-Photo-Manager.apk	2776479	59449bf71602baaafd6830d06ab10b83a648ebc6a4a2b83fe8c4684bfd6b5ec3	public-benchmarks/themis-jacoco/APhotoManager/APhotoManager-0.6.4.180314-debug-#116.apk	https://github.com/the-themis-benchmarks/home	reproduction/datasets/public-benchmarks/themis-jacoco/APhotoManager				
Amaze	Amaze	public benchmark	Themis	com.amaze.filemanager	3.2.1	63	14	25	Amaze.apk	6408720	78051077bc5a22d8c95e26942b03382891639e503234b567725f9826d2ee0f3a	public-benchmarks/themis-jacoco/AmazeFileManager/AmazeFileManager-3.2.1-#1232.apk	https://github.com/the-themis-benchmarks/home	reproduction/datasets/public-benchmarks/themis-jacoco/AmazeFileManager				
And Bible	And-Bible	public benchmark	Themis	net.bible.android.activity	3.2.327	327	19	29	And-Bible.apk	9970164	9b2828477cc09dde8b2f5d0888d254e41a19144d93fcea2ab346de4910ee584a	public-benchmarks/themis-jacoco/and-bible/and-bible-build-327-#480.apk	https://github.com/the-themis-benchmarks/home	reproduction/datasets/public-benchmarks/themis-jacoco/and-bible				
AnkiDroid	AnkiDroid	public benchmark	Themis	com.ichi2.anki	2.6beta6	20600206	10	23	AnkiDroid.apk	6229364	950858fc02b436cc4f513258f39c1a50cd6e4264d9a73bbca64b8eaf211346a1	public-benchmarks/themis-jacoco/AnkiDroid/AnkiDroid-debug-2.6beta6-#4200.apk	https://github.com/the-themis-benchmarks/home	reproduction/datasets/public-benchmarks/themis-jacoco/AnkiDroid				
AntennaPod Debug	AntennaPod-Debug	public benchmark	HybridDroid	de.danoeh.antennapod.debug	3.5.0	3050095	21	34	AntennaPod-Debug.apk	23266845	444c115b63df33b9eba4f7d38d98cf05f7aef6e87b690a9abb4d1082bc5a1f77	public-benchmarks/hybriddroid-jacoco/AntennaPod.apk	https://github.com/hybd123/HybridDroid	reproduction/datasets/public-benchmarks/hybriddroid-jacoco				
Binary Eye	Binary-Eye	built for this study	built for this study	de.markusfisch.android.binaryeye.debug	1.63.12	140	9	34	Binary-Eye.apk	8948559	ff95b88bb4c20b209c8dde5afbad10825056ef03003e9b629a52686390276913	built-from-source/Binary-Eye.apk			https://github.com/markusfisch/BinaryEye	1.63.12	bf5dc96ac9621a3ab0f395a580f3509d3f823444	https://github.com/markusfisch/BinaryEye/tree/bf5dc96ac9621a3ab0f395a580f3509d3f823444
Breezy Weather	Breezy-Weather	built for this study	built for this study	org.breezyweather.debug	5.2.8-r1	50208	21	34	Breezy-Weather.apk	43022862	41fbae1b98bae6539a19182f1b403694a528933867d0e4bbfb569665766b987a	built-from-source/Breezy-Weather.apk			https://github.com/breezy-weather/breezy-weather	v5.2.8	7fcc13ce2a2b828097e1bca202ce91a6453ffbca	https://github.com/breezy-weather/breezy-weather/tree/7fcc13ce2a2b828097e1bca202ce91a6453ffbca
Chess	Chess	public benchmark	HybridDroid	jwtc.android.chess	9.5.0	201	21	34	Chess.apk	7919933	9696eff8b634212838ab3e5dc9c800a336390ee1d791ea3e0c5e0b63c3326cca	public-benchmarks/hybriddroid-jacoco/chess.apk	https://github.com/hybd123/HybridDroid	reproduction/datasets/public-benchmarks/hybriddroid-jacoco				
Commons	Commons	public benchmark	Themis	fr.free.nrw.commons.debug	2.7.1-debug-HEAD~c6b74e72f	84	15	25	Commons.apk	22785191	d2010417075bb8d22f5abf419e0d482b5e2fe6001b2348cfd95458ed45d91ce0	public-benchmarks/themis-jacoco/commons/commons-2.7.1-#1581.apk	https://github.com/the-themis-benchmarks/home	reproduction/datasets/public-benchmarks/themis-jacoco/commons				
Eventyay Attendee	Eventyay-Attendee	public benchmark	Themis	com.eventyay.attendee	0.5.0	11	21	28	Eventyay-Attendee.apk	12861692	b4892f7c098cfd67d04ba5b9aa599bb7d9f881e5ca05231b87661fd904d1f68b	public-benchmarks/themis-jacoco/open-event-attendee-android/open-event-attendee-android-0.5-#2198.apk	https://github.com/the-themis-benchmarks/home	reproduction/datasets/public-benchmarks/themis-jacoco/open-event-attendee-android				
Fedilab	Fedilab	built for this study	built for this study	app.fedilab.android.debug	3.28.0	513	21	34	Fedilab.apk	45085893	24fd15d727d751ecdfcaf2ea2cfa171ef914060e139b6d624709f1b8ea040328	built-from-source/Fedilab.apk			https://github.com/stom79/Fedilab	3.28.0	c44330d291ad37b5a5136f876cc791869a67695e	https://github.com/stom79/Fedilab/tree/c44330d291ad37b5a5136f876cc791869a67695e
FeederD	FeederD	public benchmark	HybridDroid	com.nononsenseapps.feeder.debug	2.6.33	318	23	35	FeederD.apk	64003708	92575b9bb1dd7b83b4b336adddd237d35507940f130dff34d183773a4ef8e674	public-benchmarks/hybriddroid-jacoco/feeder.apk	https://github.com/hybd123/HybridDroid	reproduction/datasets/public-benchmarks/hybriddroid-jacoco				
Firefox Lite Dev	Firefox-Lite-Dev	public benchmark	Themis	org.mozilla.rocket.debug.ting	2.1.20.debug.ting	1	21	28	Firefox-Lite-Dev.apk	17182877	68b5f20f0259ae4fd0b71647dfa5e7cc32587b3b9b25cab638b38009b8b70a14	public-benchmarks/themis-jacoco/FirefoxLite/FirefoxLite-2.1.20-#5085.apk	https://github.com/the-themis-benchmarks/home	reproduction/datasets/public-benchmarks/themis-jacoco/FirefoxLite				
Frost Debug	Frost-Debug	public benchmark	Themis	com.pitchedapps.frost.debug	2.2.1-debug	2020100	21	28	Frost-Debug.apk	10993642	c2445ddf612f7a6f200d05c03aa756ee5920b54f4b6677b0f8cf543f81a94f70	public-benchmarks/themis-jacoco/Frost/Frost-debug-2.2.1-#1323.apk	https://github.com/the-themis-benchmarks/home	reproduction/datasets/public-benchmarks/themis-jacoco/Frost				
Geohash Droid	Geohash-Droid	public benchmark	Themis	net.exclaimindustries.geohashdroid	0.9.4	925	16	29	Geohash-Droid.apk	3877727	187c19093ac12d111fc9275631f463f463cf01c95b8df83dcf507eabd3962962	public-benchmarks/themis-jacoco/geohashdroid/geohashdroid-0.9.4-#73.apk	https://github.com/the-themis-benchmarks/home	reproduction/datasets/public-benchmarks/themis-jacoco/geohashdroid				
GPSLogger	GPSLogger	built for this study	built for this study	com.mendhak.gpslogger	131-rc2	131	16	30	GPSLogger.apk	7952412	dc74dc27904ddaa5979d1cd8010a9da91548a159d43ace862e1fa952bd747e7b	built-from-source/GPSLogger.apk			https://github.com/mendhak/gpslogger	v131	67fa9918631b9584aa9113fe46b8b1dca7b4eb5a	https://github.com/mendhak/gpslogger/tree/67fa9918631b9584aa9113fe46b8b1dca7b4eb5a
Infinity For Reddit	Infinity-For-Reddit	built for this study	built for this study	ml.docilealligator.infinityforreddit.debug	7.3.4 (DEBUG)	183	21	34	Infinity-For-Reddit.apk	24004077	255fcf26a6421a686fdd11a9faa0eec984e4f26cb943bd7aa58c303864659d0a	built-from-source/Infinity-For-Reddit.apk			https://github.com/Docile-Alligator/Infinity-For-Reddit	v7.3.4	b703463fb740b7a4e6c74c4c599defadf19a5f3e	https://github.com/Docile-Alligator/Infinity-For-Reddit/tree/b703463fb740b7a4e6c74c4c599defadf19a5f3e
Jellyfin Android	Jellyfin-Android	built for this study	built for this study	org.jellyfin.mobile.debug	0.0.0-dev.1	1	21	34	Jellyfin-Android.apk	52999108	77406fbae8015fd399870f4c580858911b4f7e3eaef05a40bf0dd15fa1247d1f	built-from-source/Jellyfin-Android.apk			https://github.com/jellyfin/jellyfin-android	v2.6.2	8908d18f585af19bd9d30347721f39a489616ab0	https://github.com/jellyfin/jellyfin-android/tree/8908d18f585af19bd9d30347721f39a489616ab0
Kiwix	Kiwix	built for this study	built for this study	org.kiwix.kiwixmobile	3.11.1	7231101	25	33	Kiwix.apk	108250007	154e7b9ee18a5b5b15710907125ced948df4ce4a030626ff49a7835d84f20b08	built-from-source/Kiwix.apk			https://github.com/kiwix/kiwix-android	3.11.1	9c4ae35c42a5e599fcf3ba84978742fcaec1a86b	https://github.com/kiwix/kiwix-android/tree/9c4ae35c42a5e599fcf3ba84978742fcaec1a86b
Kore	Kore	built for this study	built for this study	org.xbmc.kore	v3.1.0	33	24	34	Kore.apk	13648176	ca4ddcc7287c9749596dfabb2118565b423bb1b877fea1dda2d1ae27bbb5be89	built-from-source/Kore.apk			https://github.com/xbmc/Kore	v3.1.0	5f711140d7e9593f4b8048f0c613288b54e17302	https://github.com/xbmc/Kore/tree/5f711140d7e9593f4b8048f0c613288b54e17302
LibreTorrent	LibreTorrent	built for this study	built for this study	org.proninyaroslav.libretorrent.debug	3.5.2-DEBUG	9000290	24	34	LibreTorrent.apk	68288433	5ae71edadf68a2cf24838918414819def17ec1e02577c4d2017c03ead355a79f	built-from-source/LibreTorrent.apk			https://github.com/proninyaroslav/libretorrent	3.5.2	d93e92eacebc46146cc9f16d62b3ea8a3438df87	https://github.com/proninyaroslav/libretorrent/tree/d93e92eacebc46146cc9f16d62b3ea8a3438df87
MaterialFBook	MaterialFBook	public benchmark	Themis	me.zeeroooo.materialfb	4.0.2	74	17	29	MaterialFBook.apk	4134189	52d0cb4c74eeae8840560a5c4c71e2cdc2e3110e69635d84c5110bfde1ea607a	public-benchmarks/themis-jacoco/MaterialFBook/MaterialFBook4.0.2-debug-#224.apk	https://github.com/the-themis-benchmarks/home	reproduction/datasets/public-benchmarks/themis-jacoco/MaterialFBook				
Money Manager Ex	Money-Manager-Ex	built for this study	built for this study	com.money.manager.ex	2024.09.21	1041	26	31	Money-Manager-Ex.apk	35387964	ee8f761a63034190be082787fe793f87f3477eea304a6910b1005d12971cc0e5	built-from-source/Money-Manager-Ex.apk			https://github.com/moneymanagerex/android-money-manager-ex	2024.09.21.1041	b20078373d96df1cda62861451b8a42312e7dd88	https://github.com/moneymanagerex/android-money-manager-ex/tree/b20078373d96df1cda62861451b8a42312e7dd88
Muzei	Muzei	built for this study	built for this study	net.nurik.roman.muzei	3.6.2 Debug	360005	21	34	Muzei.apk	18351616	edc484d086b241ae4700e63fbc14f9aff2914f13139e2e47944d6b7547cb02d7	built-from-source/Muzei.apk			https://github.com/muzei/muzei	v3.6.2	82f4a194fe34572e4a3fa4670d64560f15d99bb3	https://github.com/muzei/muzei/tree/82f4a194fe34572e4a3fa4670d64560f15d99bb3
My Expenses Debug	My-Expenses-Debug	public benchmark	HybridDroid	org.totschnig.myexpenses.debug	3.9.3	774	21	34	My-Expenses-Debug.apk	57530153	e0574b73a452ebe944bdd9259407722face2ce76d8adc268554b8a96cac9b990	public-benchmarks/hybriddroid-jacoco/myExpenses.apk	https://github.com/hybd123/HybridDroid	reproduction/datasets/public-benchmarks/hybriddroid-jacoco				
NewPipe Debug	NewPipe-Debug	public benchmark	HybridDroid	org.schabi.newpipe.debug	0.27.2	999	21	33	NewPipe-Debug.apk	23803250	b0636dba8ac3f0c7228bc12d820a0fef9f4e1396644a22898db466d6454e25d0	public-benchmarks/hybriddroid-jacoco/newpipe.apk	https://github.com/hybd123/HybridDroid	reproduction/datasets/public-benchmarks/hybriddroid-jacoco				
Nextcloud	Nextcloud	public benchmark	Themis	com.nextcloud.client	3.9.0 RC1	30090051	14	28	Nextcloud.apk	18170566	373782edfd34d580c48e0ef6ad17a4afb4d011ab825cc45637e4e7b9418dc037	public-benchmarks/themis-jacoco/nextcloud/nextcloud-#4792.apk	https://github.com/the-themis-benchmarks/home	reproduction/datasets/public-benchmarks/themis-jacoco/nextcloud				
ODK Collect	ODK-Collect	public benchmark	Themis	org.odk.collect.android	v1.23.0-beta.2-dirty	3857	16	26	ODK-Collect.apk	15695189	7943e8bbfb366783e0580bb44f87b40ae93f4d5524007857515fa71b341ab5e9	public-benchmarks/themis-jacoco/collect/collect-1.23.0-beta.2-#3222.apk	https://github.com/the-themis-benchmarks/home	reproduction/datasets/public-benchmarks/themis-jacoco/collect				
Omni Notes Alpha	Omni-Notes-Alpha	public benchmark	HybridDroid	it.feio.android.omninotes.alpha	6.4.0	333	24	33	Omni-Notes-Alpha.apk	17404238	0d3c81593797632c8ceef82860985234cbefde9f674dd9477ba6046a296ab023	public-benchmarks/hybriddroid-jacoco/OmniNotes.apk	https://github.com/hybd123/HybridDroid	reproduction/datasets/public-benchmarks/hybriddroid-jacoco				
Open Food Facts	Open-Food-Facts	built for this study	built for this study	org.openpetfoodfacts.scanner.debug	3.9.0	582	21	33	Open-Food-Facts.apk	32214676	c5d3547d1878f88fcadad029142c0267041ee606506a5565c675ebc56a18aeab	built-from-source/Open-Food-Facts.apk			https://github.com/openfoodfacts/openfoodfacts-androidapp	v3.10.2	b811f0a3c8f1423b1d6923d566f46bd524a55903	https://github.com/openfoodfacts/openfoodfacts-androidapp/tree/b811f0a3c8f1423b1d6923d566f46bd524a55903
OpenLauncher	OpenLauncher	public benchmark	Themis	com.benny.openlauncher	0.3.1	9	16	25	OpenLauncher.apk	3952958	dd585b663ea2a0ef3c6b3dbb1682b01ee18d1ccca20342f42726b401b46db4e9	public-benchmarks/themis-jacoco/openlauncher/openlauncher-0.3.1-#67.apk	https://github.com/the-themis-benchmarks/home	reproduction/datasets/public-benchmarks/themis-jacoco/openlauncher				
Orgzly Revived	Orgzly-Revived	built for this study	built for this study	com.orgzlyrevived	1.8.27-beta.2	219	21	33	Orgzly-Revived.apk	19404265	0d95d9d1b6de5630cfe819e04a7dbc761b92c2f5d1a0bf4bf1730dd40b0a2346	built-from-source/Orgzly-Revived.apk			https://github.com/orgzly-revived/orgzly-android-revived	v1.8.27-beta.2	f0cccf203585cc1f08cefb5eeb935a21c48ff732	https://github.com/orgzly-revived/orgzly-android-revived/tree/f0cccf203585cc1f08cefb5eeb935a21c48ff732
ownCloud	ownCloud	built for this study	built for this study	com.owncloud.android.debug	4.4.0	44000000	24	34	ownCloud.apk	21244857	bad1cb147a570780a6db4e267ed975a51be9442c4f963860ff5360d6b0001f3e	built-from-source/ownCloud.apk			https://github.com/owncloud/android	v4.4.0	3913582ba2d529782962ccabcc2e374d83909c64	https://github.com/owncloud/android/tree/3913582ba2d529782962ccabcc2e374d83909c64
OwnTracks	OwnTracks	public benchmark	HybridDroid	org.owntracks.android.debug	2.5.3	420503000	24	34	OwnTracks.apk	29398421	b619bae9d430ea3bd73c2c5fa008fa8d56acd8fc742d6c30a4f44eac2d1584e6	public-benchmarks/hybriddroid-jacoco/owntracks.apk	https://github.com/hybd123/HybridDroid	reproduction/datasets/public-benchmarks/hybriddroid-jacoco				
Phonograph DEBUG	Phonograph-DEBUG	public benchmark	Themis	com.kabouzeid.gramophone.debug	0.15.0 BETA 1 DEBUG	130	16	25	Phonograph-DEBUG.apk	5609533	36f7ce9b02c426a9be6effe900ec1b9c074c1703a7d28ba4bf9ace64b03845c1	public-benchmarks/themis-jacoco/Phonograph/Phonograph-0.15.0-#112.apk	https://github.com/the-themis-benchmarks/home	reproduction/datasets/public-benchmarks/themis-jacoco/Phonograph				
RedReader	RedReader	public benchmark	HybridDroid	org.quantumbadger.redreader	1.24.1	114	21	34	RedReader.apk	29165152	3c11a55e65e9e4fc4977a545d02b8d55027cc6ace8afb92927695078398972c9	public-benchmarks/hybriddroid-jacoco/RedReader.apk	https://github.com/hybd123/HybridDroid	reproduction/datasets/public-benchmarks/hybriddroid-jacoco				
Scarlet Notes FD	Scarlet-Notes-FD	public benchmark	Themis+ / DDroid	com.bijoysingh.quicknote.pro	6.9.5-pro	123	17	28	Scarlet-Notes-FD.apk	9934214	c65031a6a6441270ffd5f31c5a3b101646fee2b2db1d22e7ed24250114fdbf35	public-benchmarks/ddroid-jacoco/Scarlet-Notes/instrumented-Scarlet-Notes-#114.apk	https://github.com/DDroid-Android/home	reproduction/datasets/public-benchmarks/ddroid-jacoco/Scarlet-Notes				
Simple Alarm Clock	Simple-Alarm-Clock	public benchmark	HybridDroid	com.better.alarm.debug	3.16.01	31601	21	33	Simple-Alarm-Clock.apk	12178496	f68b268b3313505933b11bdba97ef9eec293199634050ac1afecb0b409401a98	public-benchmarks/hybriddroid-jacoco/SimpleAlarm.apk	https://github.com/hybd123/HybridDroid	reproduction/datasets/public-benchmarks/hybriddroid-jacoco				
SkyTube	SkyTube	built for this study	built for this study	free.rm.skytube.extra	2.999	59	19	28	SkyTube.apk	24189110	0f70eb86505a97a88e67c6b87d233350e18e9d4ab932034f1811280da722a2b1	built-from-source/SkyTube.apk			https://github.com/SkyTubeTeam/SkyTube	v2.999	072e2291631675f2b224156440b5a1bb888df49f	https://github.com/SkyTubeTeam/SkyTube/tree/072e2291631675f2b224156440b5a1bb888df49f
StreetComplete	StreetComplete	built for this study	built for this study	de.westnordost.streetcomplete.debug	57.3	5705	21	34	StreetComplete.apk	73977742	eeac0f53d3b407fc066e8bcde89a6c6b8c343a63ba67d60f6cfa5d03af0e7b23	built-from-source/StreetComplete.apk			https://github.com/streetcomplete/StreetComplete	v57.3	3a7dc5b6c90597555ecd34cc1ecf6351e60fbe9f	https://github.com/streetcomplete/StreetComplete/tree/3a7dc5b6c90597555ecd34cc1ecf6351e60fbe9f
Sunflower	Sunflower	public benchmark	Themis	com.google.samples.apps.sunflower	0.1.6	1	19	28	Sunflower.apk	4127051	0108e79ec1867a45ba448529632f73da7ac0b7c56fbf55bcce98358086a0233c	public-benchmarks/themis-jacoco/sunflower/sunflower-0.1.6-#239.apk	https://github.com/the-themis-benchmarks/home	reproduction/datasets/public-benchmarks/themis-jacoco/sunflower				
Trackbook	Trackbook	built for this study	built for this study	org.y20k.trackbook	2.1.2	50	25	32	Trackbook.apk	7686753	9b716998df9b52c22f2d9ada5667dfbe188a819cd7b4ec68800d964472b81a74	built-from-source/Trackbook.apk			https://github.com/y20k/trackbook	v2.1.2	467918c171c20d1318cc4a2564e497947fd52978	https://github.com/y20k/trackbook/tree/467918c171c20d1318cc4a2564e497947fd52978
Transistor	Transistor	built for this study	built for this study	org.y20k.transistor	4.1.1	91	25	32	Transistor.apk	11412094	4e18fd859c30e1f65403d89b3b2d5962291a8e1f3df6fb744af1f90ecc2bb3b0	built-from-source/Transistor.apk			https://github.com/y20k/transistor	v4.1.1	54dff41feb56a53b9469110c8cad34b28a438306	https://github.com/y20k/transistor/tree/54dff41feb56a53b9469110c8cad34b28a438306
Twire	Twire	built for this study	built for this study	com.perflyst.twire.debug	2.11.0-DEBUG	534	21	34	Twire.apk	13870215	a365c9a841171f94dd2ce73c6beaf33eafd6c2647eb1d5bb7060485b487ef286	built-from-source/Twire.apk			https://github.com/twireapp/Twire	v2.11.0	43572429e82bab7fa3f7de0bbbb2990dd2874b85	https://github.com/twireapp/Twire/tree/43572429e82bab7fa3f7de0bbbb2990dd2874b85
Ultrasonic	Ultrasonic	built for this study	built for this study	org.moire.ultrasonic.debug	3.2.0	103	21	30	Ultrasonic.apk	12413122	ff8d14e005b638f70dcd8908345b9674317432295a25748c4275e9fc070c5408	built-from-source/Ultrasonic.apk			https://github.com/ultrasonic/ultrasonic	4.0.0-beta.1	139e81018640c65bec7376f86cfba59c260318c7	https://github.com/ultrasonic/ultrasonic/tree/139e81018640c65bec7376f86cfba59c260318c7
Vespucci	Vespucci	public benchmark	Themis	de.blau.android	11.0.0.8	604	9	25	Vespucci.apk	13614216	d8bb98555c0a87b74b195a9dcd429b8c46f42c1c029670b22c52015ca93e5120	public-benchmarks/themis-jacoco/osmeditor4android/osmeditor4android-debug-#729.apk	https://github.com/the-themis-benchmarks/home	reproduction/datasets/public-benchmarks/themis-jacoco/osmeditor4android				
Vinyl Music Player	Vinyl-Music-Player	built for this study	built for this study	com.poupa.vinylmusicplayer.ci.debug	1.11.0-HEAD_d8aeb8c_260816-1554 CI DEBUG	202	19	33	Vinyl-Music-Player.apk	13820938	ca13498a51d26270e5060a7f8b32a3ec22ee9bef279ff8d7a53c96650afb68c0	built-from-source/Vinyl-Music-Player.apk			https://github.com/AdrienPoupa/VinylMusicPlayer	1.11.0	d8aeb8c65f997f33e857d5ca5bbb9ac049ab40a1	https://github.com/AdrienPoupa/VinylMusicPlayer/tree/d8aeb8c65f997f33e857d5ca5bbb9ac049ab40a1
Wallabag	Wallabag	built for this study	built for this study	fr.gaulupeau.apps.InThePoche.debug	2.5.3-DEBUG	233	21	34	Wallabag.apk	16333721	c9b5927f6be4ea3784828e76dda4d7b689b023fcf04f123d022bd93ff56d14cc	built-from-source/Wallabag.apk			https://github.com/wallabag/android-app	2.5.3	277ddaa3b2cb70e4687e9af1e08d095fc82015eb	https://github.com/wallabag/android-app/tree/277ddaa3b2cb70e4687e9af1e08d095fc82015eb
Wikipedia Alpha	Wikipedia-Alpha	public benchmark	HybridDroid	org.wikipedia.alpha	2.7.50507-alpha-2024-10-25	50507	21	34	Wikipedia-Alpha.apk	47203539	5882b3f0a2265393578438e78826ff7077487f63195eaa0c5e53c5c0a336e995	public-benchmarks/hybriddroid-jacoco/Wikipedia.apk	https://github.com/hybd123/HybridDroid	reproduction/datasets/public-benchmarks/hybriddroid-jacoco				
WordPress	WordPress	public benchmark	Themis	org.wordpress.android	9.2	520	16	25	WordPress.apk	14953993	cdeda01a549fd0c23404ffef9d80c1998e93b5ce5283116337d5b0db6554d961	public-benchmarks/themis-jacoco/WordPress/WordPress-vanilla-debug--#7182.apk	https://github.com/the-themis-benchmarks/home	reproduction/datasets/public-benchmarks/themis-jacoco/WordPress				
